<?xml version="1.0" encoding="utf-8"?>
<annotations>
  <version>1.1</version>
  <meta>
    <task>
      <id>356727</id>
      <name>quadruped-keypoint-detection-task-001</name>
      <size>1</size>
      <mode>annotation</mode>
      <overlap>0</overlap>
      <bugtracker></bugtracker>
      <created>2023-11-02 13:30:48.083155+00:00</created>
      <updated>2023-11-02 13:36:08.550801+00:00</updated>
      <subset>default</subset>
      <start_frame>0</start_frame>
      <stop_frame>0</stop_frame>
      <frame_filter></frame_filter>
      <segments>
        <segment>
          <id>388782</id>
          <start>0</start>
          <stop>0</stop>
          <url>https://app.cvat.ai/api/jobs/388442</url>
        </segment>
      </segments>
      <owner>
        <username>luka09</username>
        <email>ilicluka00315@gmail.com</email>
      </owner>
      <assignee></assignee>
      <labels>
        <label>
          <name>quadruped</name>
          <color>#338f34</color>
          <type>any</type>
          <attributes>
          </attributes>
        </label>
      </labels>
    </task>
    <dumped>2023-11-02 13:54:26.194471+00:00</dumped>
  </meta>
  <image id="0" name="biceps5.JPG" width="538" height="649">
    <points label="quadruped" source="manual" occluded="0" points="281.46,146.22;220.05,165.20;217.64,266.63;207.63,351.50;344.60,163.47;348.39,264.90;355.98,350.46;282.50,245.93;283.53,328.04;227.30,324.59;333.56,323.90;315.62,461.90;323.55,578.51;245.24,463.97;234.54,576.78" z_order="0">
    </points>
    <box label="quadruped" source="manual" occluded="0" xtl="185.74" ytl="38.38" xbr="381.26" ybr="631.55" z_order="0">
    </box>
  </image>
</annotations>
